{
    "Decision Tree": {
        "accuracy": 0.7692307692307693,
        "classification_report": {
            "0": {
                "precision": 0.7692307692307693,
                "recall": 1.0,
                "f1-score": 0.8695652173913043,
                "support": 10.0
            },
            "1": {
                "precision": 0.0,
                "recall": 0.0,
                "f1-score": 0.0,
                "support": 3.0
            },
            "accuracy": 0.7692307692307693,
            "macro avg": {
                "precision": 0.38461538461538464,
                "recall": 0.5,
                "f1-score": 0.43478260869565216,
                "support": 13.0
            },
            "weighted avg": {
                "precision": 0.591715976331361,
                "recall": 0.7692307692307693,
                "f1-score": 0.6688963210702341,
                "support": 13.0
            }
        },
        "confusion_matrix": [
            [
                10,
                0
            ],
            [
                3,
                0
            ]
        ]
    },
    "Random Forest": {
        "accuracy": 0.7692307692307693,
        "classification_report": {
            "0": {
                "precision": 0.7692307692307693,
                "recall": 1.0,
                "f1-score": 0.8695652173913043,
                "support": 10.0
            },
            "1": {
                "precision": 0.0,
                "recall": 0.0,
                "f1-score": 0.0,
                "support": 3.0
            },
            "accuracy": 0.7692307692307693,
            "macro avg": {
                "precision": 0.38461538461538464,
                "recall": 0.5,
                "f1-score": 0.43478260869565216,
                "support": 13.0
            },
            "weighted avg": {
                "precision": 0.591715976331361,
                "recall": 0.7692307692307693,
                "f1-score": 0.6688963210702341,
                "support": 13.0
            }
        },
        "confusion_matrix": [
            [
                10,
                0
            ],
            [
                3,
                0
            ]
        ]
    }
}